{"s1": [0.29, 7.36], "s2": [7.73, 5.2], "g1": [0.81, 3.93], "g2": [1.36, 3.75], "g3": [0.81, 3.4400000000000004], "g4": [1.35, 3.04], "g5": [0.81, 2.7300000000000004], "g6": [1.35, 2.33], "g7": [0.81, 2.0300000000000002], "y1": [4.28, 2.2199999999999998], "y2": [3.76, 2.21], "y3": [4.28, 2.92], "y4": [3.75, 2.9000000000000004], "y5": [4.28, 3.58], "y6": [3.75, 3.58], "b1": [6.7, 3.74], "b2": [7.23, 3.95], "b3": [6.69, 3.0599999999999996], "b4": [7.23, 3.2800000000000002], "b5": [6.68, 2.3499999999999996], "b6": [7.22, 2.55], "r1": [6.47, 0.5599999999999996], "r2": [5.86, 1.1100000000000003], "r3": [5.77, 0.5999999999999996], "r4": [5.16, 1.13], "r5": [5.06, 0.5899999999999999], "r6": [2.84, 1.13], "r7": [2.56, 0.6100000000000003], "r8": [2.15, 1.1100000000000003], "r9": [1.89, 0.6100000000000003], "o1": [2.35, 5.220000000000001], "o2": [2.54, 4.6899999999999995], "o3": [2.99, 5.220000000000001], "o4": [5.03, 4.7], "o5": [5.5, 5.23], "o6": [5.65, 4.67], "grab1": [2.54, 6.86], "grab2": [2.51, 7.39], "grab3": [5.43, 7.4], "grab4": [5.46, 6.86], "park1": [0.27, 1.3499999999999996], "park2": [0.28, 0.7800000000000002], "park3": [0.32, 0.09999999999999964], "park4": [7.76, 0.7000000000000002], "c1": [1, 0.71], "c2": [1.46, 1.2300000000000004], "c3": [6.62, 1.29], "c4": [7.11, 0.7800000000000002], "cross1_1": [3.45, 0.5999999999999996], "cross1_2": [3.47, 1.1399999999999997], "cross1_3": [4.5, 1.13], "cross1_4": [4.5, 0.5899999999999999], "cross1_5": [3.75, 1.42], "cross1_6": [4.28, 1.4100000000000001], "cross2_1": [3.48, 5.21], "cross2_2": [3.48, 4.6899999999999995], "cross2_3": [3.76, 4.42], "cross2_4": [4.26, 4.43], "cross2_5": [4.51, 4.67], "cross2_6": [4.54, 5.21], "cross2_7": [4.28, 5.470000000000001], "cross2_8": [3.76, 5.51], "round1_1": [0.79, 4.5], "round1_2": [1.32, 4.3], "round1_3": [2.05, 4.7], "round1_4": [2.03, 5.2], "round1_5": [1.32, 5.6], "round1_6": [0.77, 5.359999999999999], "round2_1": [7.2, 4.5], "round2_2": [6.68, 4.35], "round2_3": [6.05, 4.74], "round2_4": [6.04, 5.24], "round2_5": [6.74, 5.6], "round2_6": [7.2, 5.4399999999999995], "cross3_1": [3.76, 6.61], "cross3_2": [4.28, 6.64], "cross3_3": [4.52, 6.88], "cross3_4": [4.53, 7.37], "cross3_5": [3.47, 7.37], "cross3_6": [3.47, 6.86], "cross4_1": [6.68, 7.1], "cross4_2": [7.211, 7.07], "c5": [6.96, 7.41], "c6": [6.67, 6.75], "c7": [0.83, 7.41], "c8": [1.41, 6.83], "cross5_1": [1.34, 7.1], "cross5_2": [0.82, 7.02], "park_enter": [0.8, 1.2000000000000002]}